[
  {
    "stream": "cart-7b3012ddf9a1442daf9aade1ccac18f3",
    "events": [
      {
        "id": "751eb944-1f40-4a86-bfc9-e1c2ce2049ac",
        "type": "visitor-started-shopping",
        "content-type": "application/json",
        "data": {
          "cartId": "cart-7b3012ddf9a1442daf9aade1ccac18f3",
          "at": "2024-11-29T00:00:00\u002B00:00"
        }
      },
      {
        "id": "2c92584c-2376-496a-93c1-ca1def9db6f6",
        "type": "item-got-added-to-cart",
        "content-type": "application/json",
        "data": {
          "cartId": "cart-7b3012ddf9a1442daf9aade1ccac18f3",
          "productId": "4680185795197",
          "productName": "Spartan, traditional fusilli enriched macaroni product",
          "quantity": 4,
          "pricePerUnit": "USD533.32",
          "taxRate": 0.06,
          "at": "2024-11-29T00:01:42.8274961\u002B00:00"
        }
      },
      {
        "id": "2881e66f-bacc-407e-bf2d-c17e671e6167",
        "type": "item-got-added-to-cart",
        "content-type": "application/json",
        "data": {
          "cartId": "cart-7b3012ddf9a1442daf9aade1ccac18f3",
          "productId": "4063893782893",
          "productName": "Spartan, kurls, cheese",
          "quantity": 1,
          "pricePerUnit": "USD651.18",
          "taxRate": 0.06,
          "at": "2024-11-29T00:02:17.8400266\u002B00:00"
        }
      },
      {
        "id": "1431a914-cb62-4bf7-bfbe-be48c9428cca",
        "type": "item-got-removed-from-cart",
        "content-type": "application/json",
        "data": {
          "cartId": "cart-7b3012ddf9a1442daf9aade1ccac18f3",
          "productId": "4680185795197",
          "quantity": 4,
          "at": "2024-11-29T00:04:12.6568707\u002B00:00"
        }
      },
      {
        "id": "94b874f1-18e6-423f-a73e-6239e04c7e60",
        "type": "item-got-added-to-cart",
        "content-type": "application/json",
        "data": {
          "cartId": "cart-7b3012ddf9a1442daf9aade1ccac18f3",
          "productId": "5808948443645",
          "productName": "Double Carob Cookie",
          "quantity": 3,
          "pricePerUnit": "USD644.18",
          "taxRate": 0.06,
          "at": "2024-11-29T00:05:17.3924348\u002B00:00"
        }
      },
      {
        "id": "37d59800-2e3a-494d-a84b-869e60cc55bd",
        "type": "item-got-removed-from-cart",
        "content-type": "application/json",
        "data": {
          "cartId": "cart-7b3012ddf9a1442daf9aade1ccac18f3",
          "productId": "4063893782893",
          "quantity": 1,
          "at": "2024-11-29T00:06:52.7184921\u002B00:00"
        }
      },
      {
        "id": "5d11c32e-87e4-4c51-bb36-cff030b8646e",
        "type": "item-got-added-to-cart",
        "content-type": "application/json",
        "data": {
          "cartId": "cart-7b3012ddf9a1442daf9aade1ccac18f3",
          "productId": "7429775969795",
          "productName": "Wavy Potato Chips",
          "quantity": 1,
          "pricePerUnit": "USD993.54",
          "taxRate": 0.21,
          "at": "2024-11-29T00:07:08.0344849\u002B00:00"
        }
      },
      {
        "id": "a9da12c0-25f5-45e1-bc8c-812c3a7175e4",
        "type": "cart-shopper-got-identified",
        "content-type": "application/json",
        "data": {
          "cartId": "cart-7b3012ddf9a1442daf9aade1ccac18f3",
          "customerId": "customer-1914381487",
          "at": "2024-11-29T00:07:35.1376559\u002B00:00"
        }
      },
      {
        "id": "da54abe3-3da2-43be-a08b-47cd0f724139",
        "type": "cart-got-abandoned",
        "content-type": "application/json",
        "data": {
          "cartId": "cart-7b3012ddf9a1442daf9aade1ccac18f3",
          "afterBeingIdleFor": "00:05:00",
          "at": "2024-11-29T00:12:57.5557053\u002B00:00"
        }
      }
    ]
  },
  {
    "stream": "cart-a8f53978a99d40aabca553f38d0976fa",
    "events": [
      {
        "id": "9bd8e02b-bccd-4f95-88d9-f1e033dcc892",
        "type": "visitor-started-shopping",
        "content-type": "application/json",
        "data": {
          "cartId": "cart-a8f53978a99d40aabca553f38d0976fa",
          "at": "2024-11-29T00:11:59.9999999\u002B00:00"
        }
      },
      {
        "id": "5e7d6481-5403-4a3c-8115-5992a49a174d",
        "type": "item-got-added-to-cart",
        "content-type": "application/json",
        "data": {
          "cartId": "cart-a8f53978a99d40aabca553f38d0976fa",
          "productId": "4680185795197",
          "productName": "Spartan, traditional fusilli enriched macaroni product",
          "quantity": 4,
          "pricePerUnit": "USD533.32",
          "taxRate": 0.06,
          "at": "2024-11-29T00:12:05.4292321\u002B00:00"
        }
      }
    ]
  },
  {
    "stream": "checkout-for-cart-a8f53978a99d40aabca553f38d0976fa",
    "events": [
      {
        "id": "fce17b97-7b93-4475-8fd8-1f08613bbcdd",
        "type": "checkout-started",
        "content-type": "application/json",
        "data": {
          "cart": "cart-a8f53978a99d40aabca553f38d0976fa@2",
          "at": "2024-11-29T00:14:00.7055341\u002B00:00"
        }
      },
      {
        "id": "7e696fbf-abc8-43db-ac25-1eb916af8eaa",
        "type": "shipping-information-collected",
        "content-type": "application/json",
        "data": {
          "cart": "cart-a8f53978a99d40aabca553f38d0976fa@2",
          "recipient": {
            "title": "Dr.",
            "fullName": "Rosemarie Mohr",
            "emailAddress": "Rosemarie.Mohr97@yahoo.com",
            "phoneNumber": "870-811-3702"
          },
          "address": {
            "country": "KN",
            "lines": [
              "Joel Track 621",
              "09091 East Madisen",
              "Berkshire"
            ]
          },
          "instructions": "Distinctio eveniet enim exercitationem cum qui.\nAut ipsam ullam maiores labore ullam in.",
          "at": "2024-11-29T00:15:00.896894\u002B00:00"
        }
      },
      {
        "id": "01d8cd8d-8ca3-438f-aa78-a53bad5c0be9",
        "type": "shipping-method-selected",
        "content-type": "application/json",
        "data": {
          "cart": "cart-a8f53978a99d40aabca553f38d0976fa@2",
          "method": "sameDay",
          "at": "2024-11-29T00:15:34.0390239\u002B00:00"
        }
      },
      {
        "id": "b66976ef-d58d-43f6-b2b7-9758dda23ba4",
        "type": "shipping-cost-calculated",
        "content-type": "application/json",
        "data": {
          "cart": "cart-a8f53978a99d40aabca553f38d0976fa@2",
          "forMethod": "sameDay",
          "cost": "USD24.73",
          "at": "2024-11-29T00:15:34.0390239\u002B00:00"
        }
      },
      {
        "id": "45425265-6b64-4413-9300-9defae67db39",
        "type": "billing-information-collected",
        "content-type": "application/json",
        "data": {
          "cart": "cart-a8f53978a99d40aabca553f38d0976fa@2",
          "recipient": {
            "title": "Mrs.",
            "fullName": "Rosemarie Mohr",
            "emailAddress": "Rosemarie.Mohr97@yahoo.com",
            "phoneNumber": "1-691-451-8674 x345"
          },
          "address": {
            "country": "TM",
            "lines": [
              "Friesen Prairie 73505",
              "73510 Ullrichside",
              "Bedfordshire"
            ]
          },
          "at": "2024-11-29T00:17:32.7356583\u002B00:00"
        }
      },
      {
        "id": "c9fc74fb-7e21-4b1d-9975-d7bdd900b13e",
        "type": "payment-method-selected",
        "content-type": "application/json",
        "data": {
          "cart": "cart-a8f53978a99d40aabca553f38d0976fa@2",
          "method": "creditCard",
          "at": "2024-11-29T00:19:24.789608\u002B00:00"
        }
      },
      {
        "id": "87d3c106-f077-465e-8a21-2e2481f84a68",
        "type": "checkout-completed",
        "content-type": "application/json",
        "data": {
          "cart": "cart-a8f53978a99d40aabca553f38d0976fa@2",
          "orderId": "order-3bc89fd76abd485cb0fca2d5ca0da077",
          "at": "2024-11-29T00:20:01.5119191\u002B00:00"
        }
      }
    ]
  },
  {
    "stream": "cart-a8f53978a99d40aabca553f38d0976fa",
    "events": [
      {
        "id": "b11eacdd-c26d-4967-bc0f-811b14c4d97e",
        "type": "cart-got-checked-out",
        "content-type": "application/json",
        "data": {
          "cartId": "cart-a8f53978a99d40aabca553f38d0976fa",
          "orderId": "order-ab8337358cc54cae953394e77c1f5b3d",
          "at": "2024-11-29T00:20:01.5119191\u002B00:00"
        }
      }
    ]
  },
  {
    "stream": "cart-164a3c4232884a25a3827e05f1497c37",
    "events": [
      {
        "id": "8c300521-df7a-4a5d-aad6-ecd5bceab0b7",
        "type": "visitor-started-shopping",
        "content-type": "application/json",
        "data": {
          "cartId": "cart-164a3c4232884a25a3827e05f1497c37",
          "at": "2024-11-29T00:23:59.9999999\u002B00:00"
        }
      },
      {
        "id": "adc5f778-1b1e-43e0-849c-934e4c2b7ee0",
        "type": "item-got-added-to-cart",
        "content-type": "application/json",
        "data": {
          "cartId": "cart-164a3c4232884a25a3827e05f1497c37",
          "productId": "4680185795197",
          "productName": "Spartan, traditional fusilli enriched macaroni product",
          "quantity": 2,
          "pricePerUnit": "USD533.32",
          "taxRate": 0.06,
          "at": "2024-11-29T00:24:16.476348\u002B00:00"
        }
      }
    ]
  },
  {
    "stream": "checkout-for-cart-164a3c4232884a25a3827e05f1497c37",
    "events": [
      {
        "id": "b0c22c0d-2643-4769-b588-4d4ba6c385e4",
        "type": "checkout-started",
        "content-type": "application/json",
        "data": {
          "cart": "cart-164a3c4232884a25a3827e05f1497c37@2",
          "at": "2024-11-29T00:25:52.5210339\u002B00:00"
        }
      },
      {
        "id": "4fccc07c-03f4-4876-92eb-1d88cf557394",
        "type": "shipping-information-collected",
        "content-type": "application/json",
        "data": {
          "cart": "cart-164a3c4232884a25a3827e05f1497c37@2",
          "recipient": {
            "title": "Ms.",
            "fullName": "Rosemarie Mohr",
            "emailAddress": "Rosemarie.Mohr97@yahoo.com",
            "phoneNumber": "1-687-879-9512"
          },
          "address": {
            "country": "AO",
            "lines": [
              "Durgan Junctions 8749",
              "83260-2532 Sydnieside",
              "Cambridgeshire"
            ]
          },
          "instructions": "Vel laborum rem rem cumque voluptatem quo et.\nNumquam molestiae recusandae architecto a.",
          "at": "2024-11-29T00:27:02.4747315\u002B00:00"
        }
      },
      {
        "id": "2a98b228-fd74-442a-bd99-b8aca64cd854",
        "type": "shipping-method-selected",
        "content-type": "application/json",
        "data": {
          "cart": "cart-164a3c4232884a25a3827e05f1497c37@2",
          "method": "standard",
          "at": "2024-11-29T00:28:08.7419776\u002B00:00"
        }
      },
      {
        "id": "23870c96-3659-4ddd-83c6-64ef0d81bc96",
        "type": "shipping-cost-calculated",
        "content-type": "application/json",
        "data": {
          "cart": "cart-164a3c4232884a25a3827e05f1497c37@2",
          "forMethod": "standard",
          "cost": "USD3.08",
          "at": "2024-11-29T00:28:08.7419776\u002B00:00"
        }
      },
      {
        "id": "041d22d5-0093-42d0-a0d3-77f3c02c5598",
        "type": "billing-information-copied-from-shipping-information",
        "content-type": "application/json",
        "data": {
          "cart": "cart-164a3c4232884a25a3827e05f1497c37@2",
          "recipient": {
            "title": "Ms.",
            "fullName": "Rosemarie Mohr",
            "emailAddress": "Rosemarie.Mohr97@yahoo.com",
            "phoneNumber": "1-687-879-9512"
          },
          "address": {
            "country": "AO",
            "lines": [
              "Durgan Junctions 8749",
              "83260-2532 Sydnieside",
              "Cambridgeshire"
            ]
          },
          "at": "2024-11-29T00:28:45.9269783\u002B00:00"
        }
      },
      {
        "id": "4ed56f16-c1b9-441f-99c6-5cb9966ac334",
        "type": "payment-method-selected",
        "content-type": "application/json",
        "data": {
          "cart": "cart-164a3c4232884a25a3827e05f1497c37@2",
          "method": "debitCard",
          "at": "2024-11-29T00:29:22.4057172\u002B00:00"
        }
      },
      {
        "id": "5f4fedd8-bee3-44f8-ac5d-50a7f98f9cc4",
        "type": "checkout-completed",
        "content-type": "application/json",
        "data": {
          "cart": "cart-164a3c4232884a25a3827e05f1497c37@2",
          "orderId": "order-609a685d19ec4e1695a78c9f146622d8",
          "at": "2024-11-29T00:30:12.5861779\u002B00:00"
        }
      }
    ]
  },
  {
    "stream": "cart-164a3c4232884a25a3827e05f1497c37",
    "events": [
      {
        "id": "c3705436-8ed8-43b0-8510-9234bd771c45",
        "type": "cart-got-checked-out",
        "content-type": "application/json",
        "data": {
          "cartId": "cart-164a3c4232884a25a3827e05f1497c37",
          "orderId": "order-e7139e3ea34645c1a1613b5fcd275048",
          "at": "2024-11-29T00:30:12.5861779\u002B00:00"
        }
      }
    ]
  },
  {
    "stream": "cart-10dade06ce0f454682f4f961e00d7fbd",
    "events": [
      {
        "id": "7ffc3be8-3705-4184-90dd-f9523f9dfff4",
        "type": "customer-started-shopping",
        "content-type": "application/json",
        "data": {
          "cartId": "cart-10dade06ce0f454682f4f961e00d7fbd",
          "customerId": "customer-924849582",
          "at": "2024-11-29T00:35:59.9999999\u002B00:00"
        }
      },
      {
        "id": "6feaa923-32a0-4e6d-a5f8-59aac44c402b",
        "type": "item-got-added-to-cart",
        "content-type": "application/json",
        "data": {
          "cartId": "cart-10dade06ce0f454682f4f961e00d7fbd",
          "productId": "4287896716475",
          "productName": "Spartan, california raisins",
          "quantity": 4,
          "pricePerUnit": "USD599.68",
          "taxRate": 0.06,
          "at": "2024-11-29T00:36:42.1394898\u002B00:00"
        }
      },
      {
        "id": "9b865e68-0fe3-429f-b242-974dd13f0090",
        "type": "item-got-added-to-cart",
        "content-type": "application/json",
        "data": {
          "cartId": "cart-10dade06ce0f454682f4f961e00d7fbd",
          "productId": "5808948443645",
          "productName": "Double Carob Cookie",
          "quantity": 1,
          "pricePerUnit": "USD644.18",
          "taxRate": 0.06,
          "at": "2024-11-29T00:37:18.8360748\u002B00:00"
        }
      }
    ]
  },
  {
    "stream": "checkout-for-cart-10dade06ce0f454682f4f961e00d7fbd",
    "events": [
      {
        "id": "62c70d61-e2f7-4327-921b-508869374c9f",
        "type": "checkout-started",
        "content-type": "application/json",
        "data": {
          "cart": "cart-10dade06ce0f454682f4f961e00d7fbd@3",
          "at": "2024-11-29T00:38:45.6228423\u002B00:00"
        }
      },
      {
        "id": "6a07d0eb-a9ba-4b05-b6d4-67f1d21a3085",
        "type": "shipping-information-collected",
        "content-type": "application/json",
        "data": {
          "cart": "cart-10dade06ce0f454682f4f961e00d7fbd@3",
          "recipient": {
            "title": "Mrs.",
            "fullName": "Rosemarie Mohr",
            "emailAddress": "Rosemarie.Mohr97@yahoo.com",
            "phoneNumber": "535-776-0963"
          },
          "address": {
            "country": "EE",
            "lines": [
              "Pamela Rapids 853",
              "09130 Eleonoreview",
              "Bedfordshire"
            ]
          },
          "instructions": "Vitae magnam labore voluptatem est.\nVelit ut corrupti et sequi nulla sint quam aut.",
          "at": "2024-11-29T00:39:20.7495222\u002B00:00"
        }
      },
      {
        "id": "5c197cb2-2f60-47ed-a312-dcf7f75474de",
        "type": "shipping-method-selected",
        "content-type": "application/json",
        "data": {
          "cart": "cart-10dade06ce0f454682f4f961e00d7fbd@3",
          "method": "overnight",
          "at": "2024-11-29T00:40:33.1693518\u002B00:00"
        }
      },
      {
        "id": "061dcf62-3c5e-49a5-bab7-fbab837e67f4",
        "type": "shipping-cost-calculated",
        "content-type": "application/json",
        "data": {
          "cart": "cart-10dade06ce0f454682f4f961e00d7fbd@3",
          "forMethod": "overnight",
          "cost": "USD17.42",
          "at": "2024-11-29T00:40:33.1693518\u002B00:00"
        }
      },
      {
        "id": "dce5563f-a301-45ee-8afc-853280226b52",
        "type": "billing-information-collected",
        "content-type": "application/json",
        "data": {
          "cart": "cart-10dade06ce0f454682f4f961e00d7fbd@3",
          "recipient": {
            "title": "Dr.",
            "fullName": "Rosemarie Mohr",
            "emailAddress": "Rosemarie.Mohr97@yahoo.com",
            "phoneNumber": "(395) 681-2526 x7981"
          },
          "address": {
            "country": "RS",
            "lines": [
              "Keebler Field 548",
              "08135 Leannonville",
              "Berkshire"
            ]
          },
          "at": "2024-11-29T00:41:51.7484778\u002B00:00"
        }
      },
      {
        "id": "b4231786-07b1-431b-ba55-9c86af219e13",
        "type": "payment-method-selected",
        "content-type": "application/json",
        "data": {
          "cart": "cart-10dade06ce0f454682f4f961e00d7fbd@3",
          "method": "wireTransfer",
          "at": "2024-11-29T00:42:42.0663811\u002B00:00"
        }
      },
      {
        "id": "4b19f5f8-7e29-4390-99e5-0e276e95dbc0",
        "type": "checkout-completed",
        "content-type": "application/json",
        "data": {
          "cart": "cart-10dade06ce0f454682f4f961e00d7fbd@3",
          "orderId": "order-8d7835a7eb37428aa44bdedb90fdfe0a",
          "at": "2024-11-29T00:44:31.6080806\u002B00:00"
        }
      }
    ]
  },
  {
    "stream": "cart-10dade06ce0f454682f4f961e00d7fbd",
    "events": [
      {
        "id": "4abc9fa5-5680-456c-90a2-4877cb6d789d",
        "type": "cart-got-checked-out",
        "content-type": "application/json",
        "data": {
          "cartId": "cart-10dade06ce0f454682f4f961e00d7fbd",
          "orderId": "order-d01f1bb5ef3b470baff6789280e480f2",
          "at": "2024-11-29T00:44:31.6080806\u002B00:00"
        }
      }
    ]
  },
  {
    "stream": "cart-6eb21b06cd5447a1b290003378cfd8b1",
    "events": [
      {
        "id": "e0f733ed-df7f-477b-8488-c06e61bfbf57",
        "type": "customer-started-shopping",
        "content-type": "application/json",
        "data": {
          "cartId": "cart-6eb21b06cd5447a1b290003378cfd8b1",
          "customerId": "customer-1388993719",
          "at": "2024-11-29T00:47:59.9999999\u002B00:00"
        }
      },
      {
        "id": "eba56f4f-d9aa-4b8d-aebf-a283c94574f9",
        "type": "item-got-added-to-cart",
        "content-type": "application/json",
        "data": {
          "cartId": "cart-6eb21b06cd5447a1b290003378cfd8b1",
          "productId": "6424087068212",
          "productName": "Spartan, juice cocktail, cranberry",
          "quantity": 1,
          "pricePerUnit": "USD171.89",
          "taxRate": 0.06,
          "at": "2024-11-29T00:49:32.0712056\u002B00:00"
        }
      },
      {
        "id": "1a2df6da-cf9c-4aa0-9326-93928dbf86e7",
        "type": "item-got-added-to-cart",
        "content-type": "application/json",
        "data": {
          "cartId": "cart-6eb21b06cd5447a1b290003378cfd8b1",
          "productId": "8659508784152",
          "productName": "Fruit Cocktail In Heavy Syrup",
          "quantity": 4,
          "pricePerUnit": "USD88.64",
          "taxRate": 0.21,
          "at": "2024-11-29T00:49:44.1697451\u002B00:00"
        }
      },
      {
        "id": "6893a8e2-4520-4162-81c9-fbf7af8cf298",
        "type": "cart-got-abandoned",
        "content-type": "application/json",
        "data": {
          "cartId": "cart-6eb21b06cd5447a1b290003378cfd8b1",
          "afterBeingIdleFor": "00:05:00",
          "at": "2024-11-29T00:55:36.14583\u002B00:00"
        }
      }
    ]
  }
]